date,nearest_fire_km
2018-04-01,444.59454884601644
2018-04-02,508.01235726886307
2018-04-03,514.1975502976394
2018-04-04,191.76202512642732
2018-04-05,295.20626907937117
2018-04-06,673.8871442946767
2018-04-07,663.4244095362243
2018-04-08,340.1795372722048
2018-04-09,395.6507857703123
2018-04-10,252.76522956337948
2018-04-11,176.22343603607723
2018-04-12,462.12712471759824
2018-04-13,303.8801039513997
2018-04-14,419.1501238602665
2018-04-15,478.7374389085163
2018-04-16,516.5319509300906
2018-04-17,159.907334353039
2018-04-18,73.79606162469604
2018-04-19,132.55493696942585
2018-04-20,253.28805189188586
2018-04-21,314.592716147804
2018-04-22,73.94198203472392
2018-04-23,74.10146865586854
2018-04-24,73.8400404654452
2018-04-25,276.90067114872124
2018-04-26,42.98772588350065
2018-04-27,47.645359120315696
2018-04-28,22.691527338881915
2018-04-29,394.92503028737394
2018-04-30,148.9540211223519
2018-05-01,79.616806398355
2018-05-02,33.58724109956467
2018-05-03,73.94453843377356
2018-05-04,86.25310024091702
2018-05-05,233.51151373529856
2018-05-06,143.60902424332264
2018-05-07,86.55975141126409
2018-05-08,149.82070563625842
2018-05-09,143.61101972717316
2018-05-10,444.37176458049385
2018-05-11,155.9074780925965
2018-05-12,125.94695298549388
2018-05-13,54.354490738303845
2018-05-14,73.92126117197029
2018-05-15,73.81406069132483
2018-05-16,77.19117232441758
2018-05-17,521.1571275998647
2018-05-18,171.11487908542313
2018-05-19,74.09097529206522
2018-05-20,73.93664599439718
2018-05-21,109.01383216423893
2018-05-22,111.03722109968177
2018-05-23,74.04856661505033
2018-05-24,77.16024029786486
2018-05-25,73.87495539734446
2018-05-26,141.80741047334928
2018-05-27,47.21165645727756
2018-05-28,73.96303400833989
2018-05-29,261.0214706725145
2018-05-30,431.9078994256649
2018-05-31,462.18172860062975
2018-06-01,45.535377017591834
2018-06-02,73.97245645499461
2018-06-03,22.836629186361396
2018-06-04,127.99837212843289
2018-06-05,73.83581157140831
2018-06-06,30.582415647205146
2018-06-07,77.79036434403055
2018-06-08,184.14214899011697
2018-06-09,90.93848334278995
2018-06-10,620.7899388630838
2018-06-11,191.87169492346973
2018-06-12,180.01203380149295
2018-06-13,201.59775365400913
2018-06-14,355.4667770834118
2018-06-15,143.60827096527456
2018-06-16,230.49359165565662
2018-06-17,74.09311486054223
2018-06-18,73.97476797926073
2018-06-19,74.02679778629916
2018-06-20,73.9934010680496
2018-06-21,73.8063503957256
2018-06-22,143.35369408329126
2018-06-23,201.72894817201018
2018-06-24,76.61069203178037
2018-06-25,73.94137919000474
2018-06-26,73.88335527233538
2018-06-27,76.6864291641085
2018-06-28,143.5247263861073
2018-06-29,155.9621326627562
2018-06-30,73.87758410999626
2018-07-01,73.77692969319963
2018-07-02,219.99231150174504
2018-07-03,66.23697919658343
2018-07-04,129.87138782124268
2018-07-05,176.08431635165869
2018-07-06,74.04707356804835
2018-07-07,96.04688560618575
2018-07-08,73.86198952395549
2018-07-09,76.50865103684961
2018-07-10,74.21865883787079
2018-07-11,227.464710257077
2018-07-12,44.114223445325486
2018-07-13,73.90109516442136
2018-07-14,51.703664911620606
2018-07-15,44.146185947625995
2018-07-16,73.98329505414432
2018-07-17,35.51310526509256
2018-07-18,14.756334005481252
2018-07-19,236.21338559975308
2018-07-20,14.595433260507518
2018-07-21,14.449596847155128
2018-07-22,73.89548927666083
2018-07-23,35.42798818750918
2018-07-24,69.88930266208301
2018-07-25,76.57459629839951
2018-07-26,76.85459415381148
2018-07-27,74.1656876511763
2018-07-28,74.1230467817324
2018-07-29,73.94819012856115
2018-07-30,66.36322018740586
2018-07-31,74.13781227561823
2018-08-01,130.9630000697051
2018-08-02,74.16020940592139
2018-08-03,124.72562352425916
2018-08-04,76.54642826582756
2018-08-05,124.71578797119146
2018-08-06,124.91066884122196
2018-08-07,39.352800429760464
2018-08-08,74.11065417658683
2018-08-09,74.12830574286498
2018-08-10,76.6889029046267
2018-08-11,76.73666334525862
2018-08-12,118.60425201111809
2018-08-13,120.53820213990446
2018-08-14,76.38382876541918
2018-08-15,76.78224013117067
2018-08-16,76.78875123694667
2018-08-17,117.60907294874664
2018-08-18,76.50398823316468
2018-08-19,73.8547104792924
2018-08-20,142.4167371317459
2018-08-21,142.47669153301106
2018-08-22,134.69978693011873
2018-08-23,74.00824514334214
2018-08-24,134.25663896622694
2018-08-25,144.1528974116666
2018-08-26,227.1526604524295
2018-08-27,328.0377515190261
2018-08-28,132.57752587704232
2018-08-29,143.62318872910285
2018-08-30,158.656655697582
2018-08-31,76.60585756723597
2018-09-01,171.39983521596216
2018-09-02,74.07923482013952
2018-09-03,74.11515163183556
2018-09-04,147.18163725164513
2018-09-05,12.868429361935576
2018-09-06,76.72028760792466
2018-09-07,70.69360632496763
2018-09-08,156.67551739964205
2018-09-09,74.21519437616242
2018-09-10,76.7116070387855
2018-09-11,159.85149236760313
2018-09-12,285.31016909639106
2018-09-13,496.8023047681367
2018-09-14,194.44960018750243
2018-09-15,258.75892871865483
2018-09-16,673.7864472785395
2018-09-17,673.7426956726933
2018-09-18,639.6547283640506
2018-09-19,143.57388912876104
2018-09-20,140.297150288116
2018-09-21,506.49042433615165
2018-09-22,643.4370034713666
2018-09-23,236.54960095776883
2018-09-24,211.8680706634679
2018-09-25,71.06311705759717
2018-09-26,185.3385162229283
2018-09-27,317.4652730332769
2018-09-28,155.3593130264488
2018-09-29,166.46538089114105
2018-09-30,166.68627906887076
2018-10-01,686.3568053862292
2018-10-02,368.3664673144159
2018-10-03,115.38782595246481
2018-10-04,156.04674220568538
2018-10-05,74.19552627222225
2018-10-06,74.06717155233518
2018-10-07,177.6641146197422
2018-10-08,533.8581972773646
2018-10-09,284.66138208472705
2018-10-10,237.79593045253347
2018-10-11,63.45807224258165
2018-10-12,219.310895395985
2018-10-13,197.78688510606264
2018-10-14,198.04704159562056
2018-10-15,144.07838038377614
2018-10-16,143.76862191045953
2018-10-17,54.05457282901615
2018-10-18,143.45897777250423
2018-10-19,100.09638216862083
2018-10-20,132.24051231951046
2018-10-21,76.34067417194476
2018-10-22,76.58321677259922
2018-10-23,76.60839286034005
2018-10-24,136.36095443459376
2018-10-25,167.12802678510894
2018-10-26,74.22086288564934
2018-10-27,73.96589901386197
2018-10-28,284.9238355220544
2018-10-29,71.1025787240469
2018-10-30,149.69368884388462
2018-10-31,251.884840520402
2018-11-01,76.53470496106438
2018-11-02,258.76538052610766
2018-11-03,76.5673628988426
2018-11-04,175.16809224914678
2018-11-05,159.67287348886595
2018-11-06,154.88751058035035
2018-11-07,73.37228737698887
2018-11-08,177.74024534384418
2018-11-09,195.82261594506443
2018-11-10,211.6403728461586
2018-11-11,329.3614775341792
2018-11-12,76.67866838066504
2018-11-13,125.81681815115351
2018-11-14,187.8002994474263
2018-11-15,122.97349711194455
2018-11-16,190.0676560319091
2018-11-17,256.2118490559345
2018-11-18,226.45068741850727
2018-11-19,206.21663247634805
2018-11-20,126.50527790049797
2018-11-21,111.1388431608933
2018-11-22,76.53393015860098
2018-11-23,174.47052652608508
2018-11-24,201.77557143772225
2018-11-25,212.012116768996
2018-11-26,487.35874304336136
2018-11-27,72.86170167576435
2018-11-28,73.9770140389265
2018-11-29,76.88512645596616
2018-11-30,402.9622266590608
2018-12-01,731.0839143764813
2018-12-02,242.21668526739728
2018-12-03,244.78197538106562
2018-12-04,122.60860609387622
2018-12-05,294.1876804147648
2018-12-06,179.84576489810814
2018-12-07,128.21653426831259
2018-12-08,370.27119234316734
2018-12-09,295.6307927990773
2018-12-10,299.476001860196
2018-12-11,190.41126976288777
2018-12-12,170.90778578249308
2018-12-13,120.95481221474024
2018-12-14,67.36510367469904
2018-12-15,188.76046695571867
2018-12-16,176.65681363622957
2018-12-17,172.41570182960243
2018-12-18,196.69866611258624
2018-12-19,76.71412832713814
2018-12-20,258.56029497142566
2018-12-21,203.39265955995282
2018-12-22,193.0602521038431
2018-12-23,478.11578389439245
2018-12-24,74.08220506048065
2018-12-25,516.3638917536067
2018-12-26,3554.0463126079503
2018-12-27,513.050586016192
2018-12-29,58.776481607763095
2018-12-30,74.17172093302156
2018-12-31,350.28315922431835
2019-01-01,416.5080239800702
2019-01-02,127.42669068012313
2019-01-03,156.61507092008642
2019-01-04,395.39538905896006
2019-01-05,120.30767723585282
2019-01-06,262.03563586957864
2019-01-07,155.56049406455318
2019-01-08,180.86209466962617
2019-01-10,187.25068622392263
2019-01-11,76.83353335801684
2019-01-12,292.04350363287824
2019-01-13,188.74808031398538
2019-01-14,160.91486204923547
2019-01-15,260.154847845479
2019-01-16,258.8176942458124
2019-01-17,409.5998574102601
2019-01-18,898.1989955323905
2019-01-19,51.491518342084326
2019-01-20,52.087636481919716
2019-01-21,162.3245282728061
2019-01-22,258.788330821251
2019-01-23,581.570642539331
2019-01-24,42.892823603021675
2019-01-25,274.81893457611557
2019-01-26,74.02311691844415
2019-01-27,288.94325458689167
2019-01-28,268.5227115672404
2019-01-29,219.42951400892892
2019-01-30,278.8840835538972
2019-01-31,2569.9485600544804
2019-02-01,1783.57354903341
2019-02-02,504.988669665084
2019-02-03,392.85831555957645
2019-02-04,342.27860712790294
2019-02-05,94.87292344749753
2019-02-06,189.47413562431566
2019-02-08,94.51828680339918
2019-02-09,278.6025655751584
2019-02-10,192.2329121632604
2019-02-11,1708.102235670203
2019-02-12,294.3310725407007
2019-02-13,323.2014583555574
2019-02-14,225.60534591591917
2019-02-15,180.29830307176366
2019-02-16,778.3139446207908
2019-02-17,775.0482383314269
2019-02-18,340.17730011432303
2019-02-19,263.64248178920417
2019-02-20,299.18224007980604
2019-02-21,193.08115262983512
2019-02-22,129.14693022236798
2019-02-23,445.8863787695813
2019-02-24,459.60619557161243
2019-02-25,311.00711575600735
2019-02-26,203.81499622528094
2019-02-27,124.3197549024977
2019-02-28,210.542413324085
2019-03-01,143.3899831011723
2019-03-02,311.1796308574039
2019-03-03,278.93600974766764
2019-03-04,306.26949628569616
2019-03-05,219.77773338176235
2019-03-06,219.88985355642316
2019-03-07,422.9346898327677
2019-03-08,341.79453893340974
2019-03-09,127.38348862917543
2019-03-10,149.47582689070947
2019-03-11,258.8691145553715
2019-03-12,323.74140295236646
2019-03-13,216.06269875463263
2019-03-14,210.09726898794636
2019-03-15,377.1395107209157
2019-03-16,415.53900398097045
2019-03-17,41.84005324852838
2019-03-18,196.65272493860294
2019-03-19,73.9441395510909
2019-03-20,74.10236008337226
2019-03-21,73.8565512655019
2019-03-22,143.4346245998953
2019-03-23,143.52799831134075
2019-03-24,212.99357517373994
2019-03-25,73.96391909281331
2019-03-26,74.15401949120997
2019-03-27,314.68261739216484
2019-03-28,145.2036299360391
2019-03-29,160.84760858040752
2019-03-30,73.9795124019559
2019-03-31,259.02241796125804
2019-04-01,144.74966051861236
2019-04-02,71.07034096550748
2019-04-03,211.53618273425204
2019-04-04,163.87234407053714
2019-04-05,218.86170808059887
2019-04-06,62.875570250549444
2019-04-07,155.00689793579872
2019-04-08,74.15214652062936
2019-04-09,147.56957105064603
2019-04-10,261.0589922699385
2019-04-11,278.3193804423648
2019-04-12,159.83839037020633
2019-04-13,21.928821181125684
2019-04-14,136.20816494533184
2019-04-15,201.02320990111514
2019-04-16,73.97124375850147
2019-04-17,131.5245276166079
2019-04-18,76.77291116862659
2019-04-19,319.3119467460676
2019-04-20,137.76877553304533
2019-04-21,73.84238223953265
2019-04-22,224.40144117082093
2019-04-23,352.59012331191144
2019-04-24,73.96174074602585
2019-04-25,74.07894178313859
2019-04-26,371.2214642464948
2019-04-27,222.4925443442446
2019-04-28,213.10885900306565
2019-04-29,42.574802199929835
2019-04-30,285.91883057158515
2019-05-01,518.8606416715581
2019-05-02,462.3129675791049
2019-05-03,238.50959104909637
2019-05-04,127.81299664971347
2019-05-05,350.3937971444943
2019-05-06,321.60605374143046
2019-05-07,76.50106559354725
2019-05-08,44.375022141992595
2019-05-09,97.21633975320566
2019-05-10,246.12952040364715
2019-05-11,35.42465316453026
2019-05-12,118.22224410859012
2019-05-13,83.45396114844758
2019-05-14,184.36357010607185
2019-05-15,211.97683910557214
2019-05-16,345.8420257944436
2019-05-17,278.09471896564867
2019-05-18,277.92610256620645
2019-05-19,279.9069596992884
2019-05-20,83.45645336627217
2019-05-21,83.09987879021958
2019-05-22,418.1262429801473
2019-05-23,74.02218153451959
2019-05-24,47.26780123531428
2019-05-25,333.3081699987401
2019-05-26,75.69740741155566
2019-05-27,73.9579288784434
2019-05-28,74.06605457667528
2019-05-29,83.25004775250402
2019-05-30,83.24849492612104
2019-05-31,155.94906981402414
2019-06-01,83.39821222274009
2019-06-02,73.89328360295723
2019-06-03,76.6457247147772
2019-06-04,76.41747188714211
2019-06-05,241.58275866676493
2019-06-06,83.36323562174347
2019-06-07,452.980109128447
2019-06-08,281.0024754825476
2019-06-09,76.56492339309092
2019-06-10,277.34364266205483
2019-06-11,281.15051944284664
2019-06-12,73.84362231613275
2019-06-13,55.37912284428401
2019-06-14,55.190620844215054
2019-06-15,79.35686347502136
2019-06-16,76.643458318185
2019-06-17,74.12371958637185
2019-06-18,85.03508063189811
2019-06-19,202.8869401509389
2019-06-20,598.2333434849239
2019-06-21,175.764664049846
2019-06-22,84.77377173350264
2019-06-23,277.36668774734727
2019-06-24,171.76027578008285
2019-06-25,76.70778384673488
2019-06-26,151.83805896603081
2019-06-27,241.5091529029632
2019-06-28,74.13972937357697
2019-06-29,74.02989305299613
2019-06-30,76.66794176071271
2019-07-01,62.863309836890544
2019-07-02,280.82436172235236
2019-07-03,74.18433242406283
2019-07-04,281.0079829408629
2019-07-05,277.3758789692102
2019-07-06,277.3326068449428
2019-07-07,516.4779497730254
2019-07-08,62.70282189395153
2019-07-09,321.5450439519581
2019-07-10,370.8399835517323
2019-07-11,76.63957913124057
2019-07-12,83.49598506328927
2019-07-13,160.86955122686166
2019-07-14,143.38339358528756
2019-07-15,76.53060155167655
2019-07-16,96.76779415183614
2019-07-17,76.60716619377669
2019-07-18,76.5000007245567
2019-07-19,74.21414022586991
2019-07-20,392.2060677560574
2019-07-21,73.93150183316841
2019-07-22,74.01342634434967
2019-07-23,73.88481324799332
2019-07-24,155.83523292161695
2019-07-25,74.13946276415889
2019-07-26,36.53436214343655
2019-07-27,74.08778222199318
2019-07-28,76.47905415517593
2019-07-29,42.825320390810354
2019-07-30,74.07159053568377
2019-07-31,74.17488087298506
2019-08-01,76.52761845538325
2019-08-02,76.47522772252374
2019-08-03,95.42887111162898
2019-08-04,74.11678315552406
2019-08-05,73.88801187200124
2019-08-06,73.93007742238126
2019-08-07,76.48525084247935
2019-08-08,132.6077214650527
2019-08-09,152.3332316400158
2019-08-10,320.1242755754554
2019-08-11,474.1911397053964
2019-08-12,653.7241209874103
2019-08-13,392.62490172592794
2019-08-14,94.31462940389305
2019-08-15,74.06858399587534
2019-08-16,314.604656909451
2019-08-17,105.91483728821021
2019-08-18,437.48340095191327
2019-08-19,321.656582606232
2019-08-20,114.30434176639386
2019-08-21,144.72706595952806
2019-08-22,73.9390507521937
2019-08-23,74.03517967968318
2019-08-24,74.12986812092501
2019-08-25,277.4066434056269
2019-08-26,143.55190907573692
2019-08-27,74.04673151919926
2019-08-28,74.0307864710987
2019-08-29,281.0431408636503
2019-08-30,436.02887356302045
2019-08-31,309.4621192099154
2019-09-01,263.89071309430284
2019-09-02,73.90994317203608
2019-09-03,76.51724905393216
2019-09-04,142.6422257100572
2019-09-05,132.71304204542938
2019-09-06,233.55098032706633
2019-09-07,74.25063870435818
2019-09-08,285.0818869941861
2019-09-09,673.6287388247506
2019-09-10,673.6732761483828
2019-09-11,478.82829225479725
2019-09-12,74.10925707908791
2019-09-13,74.12296079181648
2019-09-14,247.7890669454847
2019-09-15,259.11303039433596
2019-09-16,160.34861091190174
2019-09-17,258.51198821138706
2019-09-18,76.76948758279481
2019-09-19,200.10475796198043
2019-09-20,191.94159552322245
2019-09-21,74.01673375988182
2019-09-22,73.94327228983872
2019-09-23,74.06385502544734
2019-09-24,74.22245585840776
2019-09-25,246.4696209570102
2019-09-26,342.33749656674564
2019-09-27,314.674675763317
2019-09-28,462.23576734772007
2019-09-29,309.36327335385266
2019-09-30,169.99657483624347
2019-10-01,147.95699552226765
2019-10-02,146.39387760481122
2019-10-03,74.16845704315432
2019-10-04,76.8045983099891
2019-10-05,143.95064621313094
2019-10-06,153.81457689399554
2019-10-07,77.06719249654657
2019-10-08,242.13732007580597
2019-10-09,105.97874546940025
2019-10-10,108.76238873500961
2019-10-11,141.75055331562498
2019-10-12,143.27074971829384
2019-10-13,254.3908399807001
2019-10-14,76.72259760677451
2019-10-15,139.7827675271248
2019-10-16,131.74126906994505
2019-10-17,126.26342328297164
2019-10-18,184.70957615328294
2019-10-19,174.8551981635911
2019-10-20,222.14128481434926
2019-10-21,151.32895042924068
2019-10-22,160.77067563090304
2019-10-23,126.77081673546576
2019-10-24,339.10701035498136
2019-10-25,33.40448813601105
2019-10-26,140.65620289564046
2019-10-27,140.50406301382586
2019-10-28,222.14029919278855
2019-10-29,122.46145813922136
2019-10-30,125.41259533705417
2019-10-31,159.68678515360125
2019-11-01,130.1840852204469
2019-11-02,204.93745126868413
2019-11-03,242.56693380718272
2019-11-04,208.988280685813
2019-11-05,303.5649300612883
2019-11-06,139.38837251860002
2019-11-07,139.75013953898278
2019-11-08,697.9886823802046
2019-11-09,501.7358584651838
2019-11-10,239.8358602723926
2019-11-11,259.372880819948
2019-11-12,443.78047568109315
2019-11-13,182.09127326198237
2019-11-14,258.7564449242323
2019-11-15,253.26984301344393
2019-11-16,157.53609399731025
2019-11-17,167.8100615106553
2019-11-18,76.89131799191092
2019-11-19,221.28766962172858
2019-11-20,164.48856094172845
2019-11-21,76.84611148110913
2019-11-22,108.33932661100842
2019-11-23,123.52942179768539
2019-11-24,197.76066833782667
2019-11-25,74.12304661324285
2019-11-26,221.13081300130662
2019-11-27,188.14269914016074
2019-11-28,145.67015465292593
2019-11-29,295.0604698088101
2019-11-30,75.05661894839501
2019-12-01,278.22554180394474
2019-12-02,356.9115687528819
2019-12-03,155.47137104253045
2019-12-04,379.37685292743663
2019-12-05,215.64336385778714
2019-12-06,121.36027731476219
2019-12-07,122.09982765860792
2019-12-08,409.3402666304663
2019-12-09,424.2302605493447
2019-12-10,386.4681104477954
2019-12-11,131.95162452428562
2019-12-12,674.0085530455445
2019-12-13,569.729614600955
2019-12-14,205.4681254562106
2019-12-15,248.9616036272285
2019-12-16,121.5445536535355
2019-12-17,536.7663027486956
2019-12-18,335.3201684022037
2019-12-19,211.28263042788254
2019-12-20,263.76660053184304
2019-12-21,528.9251102306295
2019-12-22,325.92354714023094
2019-12-23,449.0762510728754
2019-12-24,282.20566215523786
2019-12-25,469.6542460964025
2019-12-26,450.3679132842877
2019-12-27,389.9480277832151
2019-12-28,271.67811526920576
2019-12-29,197.16626124597676
2019-12-30,200.81787205229452
2019-12-31,277.2315981117751
2020-01-01,428.50602057081016
2020-01-02,187.03720999300563
2020-01-04,196.4799487319213
2020-01-05,61.1866759959874
2020-01-06,182.46044968821897
2020-01-07,369.6358607544602
2020-01-08,47.16315677155253
2020-01-09,644.6004864245778
2020-01-10,108.60917967564195
2020-01-11,753.2582375280404
2020-01-12,379.687524691879
2020-01-14,872.487757211931
2020-01-15,243.2300292493063
2020-01-16,872.8209084498626
2020-01-17,743.3042027566028
2020-01-18,83.00285953882467
2020-01-19,516.3593836585004
2020-01-20,520.9325692422947
2020-01-21,127.49582892502268
2020-01-22,141.95498342078363
2020-01-23,225.438795250378
2020-01-24,193.14866686892648
2020-01-25,73.69555241966216
2020-01-26,74.20378684769764
2020-01-27,157.9931605236895
2020-01-28,124.95685888716021
2020-01-29,76.50092199564897
2020-01-30,44.39494877306665
2020-01-31,141.9150777156034
2020-02-01,258.69986857844293
2020-02-02,314.6428268565676
2020-02-03,258.76289631226194
2020-02-04,258.8308546816174
2020-02-05,446.43138386440444
2020-02-06,278.57450525898446
2020-02-07,191.2295954784436
2020-02-08,256.9612842646949
2020-02-09,286.25000250031417
2020-02-10,114.18891396228538
2020-02-11,116.26920652346398
2020-02-12,116.20553686980189
2020-02-13,326.47205628106497
2020-02-14,74.0241441170196
2020-02-15,175.86019491912936
2020-02-16,158.00104082543706
2020-02-17,380.36227854756714
2020-02-18,176.74912464467332
2020-02-19,162.26534356440945
2020-02-20,163.05003623383323
2020-02-21,262.3217488997188
2020-02-22,132.65123049479013
2020-02-23,82.92165720238266
2020-02-24,184.49728191676306
2020-02-25,184.00955164714247
2020-02-26,83.40238128357353
2020-02-27,49.21521683519524
2020-02-28,83.32430573699878
2020-02-29,184.36863067926805
2020-03-01,276.47603274162066
2020-03-02,212.80232382082738
2020-03-03,276.2733117660491
2020-03-04,294.96171648342965
2020-03-05,314.62760680216155
2020-03-06,212.99252573509446
2020-03-07,439.4084317445071
2020-03-08,212.10627680062927
2020-03-09,276.24435403975355
2020-03-10,183.7419356928021
2020-03-11,82.3581502473757
2020-03-12,184.0580798699596
2020-03-13,1256.2264526794193
2020-03-14,466.23190670437225
2020-03-15,314.52053598475044
2020-03-16,267.94879323422714
2020-03-17,226.3055121853625
2020-03-18,283.09395375244634
2020-03-19,126.74071221468766
2020-03-20,149.74625260600678
2020-03-21,73.85223716158364
2020-03-22,314.68545230916595
2020-03-23,73.82446535541064
2020-03-24,516.5617653195716
2020-03-25,549.4481632574418
2020-03-26,74.07815753876288
2020-03-27,207.97540677025387
2020-03-28,61.06383770308461
2020-03-29,665.6982103195107
2020-03-30,584.444818928124
2020-03-31,909.5068561246032
2020-04-01,719.8156185719623
2020-04-02,210.58007554078532
2020-04-03,314.8376046611814
2020-04-04,43.15947201070926
2020-04-05,857.0808239071719
2020-04-06,672.6642063263082
2020-04-07,314.5953805484758
2020-04-08,144.04741319659485
2020-04-09,173.77251323539102
2020-04-10,314.3834876156726
2020-04-11,280.9838260761534
2020-04-12,429.1170846755274
2020-04-13,278.9966525864165
2020-04-14,562.8438183541532
2020-04-15,367.07833339508977
2020-04-16,189.45906842676885
2020-04-17,111.49310476755572
2020-04-18,172.76498368918413
2020-04-19,138.6958081930956
2020-04-20,134.83522861815447
2020-04-21,160.3651276218712
2020-04-22,172.737078797878
2020-04-23,310.50137704209374
2020-04-24,186.78015118722837
2020-04-25,212.00598871890264
2020-04-26,181.9446044349941
2020-04-27,258.6245870625038
2020-04-28,74.0830146555952
2020-04-29,143.57650431270156
2020-04-30,74.15716323905508
2020-05-01,314.4355593006938
2020-05-02,73.9800067643244
2020-05-03,194.02229515071983
2020-05-04,621.9521413837622
2020-05-05,102.96308763759906
2020-05-06,76.62010105532661
2020-05-07,147.39327848975654
2020-05-08,314.5529358314684
2020-05-09,73.9591477035446
2020-05-10,464.44065708219784
2020-05-11,364.5971945888983
2020-05-12,292.70739028495007
2020-05-13,155.16178574159414
2020-05-14,74.05758646629826
2020-05-15,59.99914793571894
2020-05-16,64.51401116020756
2020-05-17,79.12876770236582
2020-05-18,38.52615515268201
2020-05-19,320.8981410736224
2020-05-20,179.63705911926422
2020-05-21,608.11695328513
2020-05-22,544.3632380465103
2020-05-23,314.5187784540171
2020-05-24,73.81849048644793
2020-05-25,143.6809780160777
2020-05-26,281.1895946714931
2020-05-27,314.5019745376742
2020-05-28,268.08679826628827
2020-05-29,182.11543527433037
2020-05-30,159.94288599575304
2020-05-31,314.8001175340572
2020-06-01,74.12489638767975
2020-06-02,73.93162437018323
2020-06-03,73.7545567631399
2020-06-04,132.39009014913043
2020-06-05,74.07551489838103
2020-06-06,439.9643046246968
2020-06-07,649.7764087573739
2020-06-08,143.79104194999996
2020-06-09,277.0338901310045
2020-06-10,143.5875071088139
2020-06-11,169.27690400682548
2020-06-12,314.2656415855605
2020-06-13,281.23320610929073
2020-06-14,127.7249438749028
2020-06-15,32.62110715940157
2020-06-16,57.14213627252792
2020-06-17,502.3140447230643
2020-06-18,90.10216768451619
2020-06-19,143.69579142706831
2020-06-20,100.85605337240513
2020-06-21,132.34684808933693
2020-06-22,222.40886897665249
2020-06-23,186.75201175751272
2020-06-24,171.05941641159274
2020-06-25,76.72228044629259
2020-06-26,462.47259135457074
2020-06-27,71.20429704552154
2020-06-28,314.75453831143426
2020-06-29,444.40797177077513
2020-06-30,204.2516256945503
2020-07-01,417.9172338830664
2020-07-02,260.504607350794
2020-07-03,74.05879219362731
2020-07-04,73.91969128373684
2020-07-05,73.84372494402177
2020-07-06,74.15937313555095
2020-07-07,143.52474997704437
2020-07-08,260.72743657885655
2020-07-09,73.9064761553102
2020-07-10,130.66406471319874
2020-07-11,41.95795944722942
2020-07-12,73.93992753100149
2020-07-13,20.15207515190122
2020-07-14,160.4473053795997
2020-07-15,191.1723128390695
2020-07-16,73.81808780970972
2020-07-17,74.00397802998944
2020-07-18,74.03374836107103
2020-07-19,212.1075405727317
2020-07-20,143.53120422127478
2020-07-21,74.14446996823342
2020-07-22,74.11564735572657
2020-07-23,76.50702814987923
2020-07-24,74.09049236425021
2020-07-25,115.08577057622684
2020-07-26,143.58472272734184
2020-07-27,74.06249794648568
2020-07-28,73.92725496295252
2020-07-29,74.14930843594448
2020-07-30,314.4356159568445
2020-07-31,114.32605611908724
2020-08-01,143.53458126811404
2020-08-02,76.43132535341462
2020-08-03,143.89654893811016
2020-08-04,74.04508193331736
2020-08-05,74.07607543969507
2020-08-06,74.03713833125977
2020-08-07,497.9435903724344
2020-08-08,143.7001689794961
2020-08-09,73.91967838949878
2020-08-10,76.65857554124209
2020-08-11,162.52122703130155
2020-08-12,74.11664475626382
2020-08-13,74.20362331392354
2020-08-14,73.81386204109873
2020-08-15,371.06854269225846
2020-08-16,4.122924200992893
2020-08-17,39.308618116342615
2020-08-18,143.65553684713387
2020-08-19,74.0234015158373
2020-08-20,143.6454873788014
2020-08-21,76.8095543686727
2020-08-22,68.04686004929073
2020-08-23,74.13393687496274
2020-08-24,73.95508632077491
2020-08-25,174.53011017786022
2020-08-26,173.50698893299028
2020-08-27,172.1022277526641
2020-08-28,74.18827109836309
2020-08-29,74.20570955715239
2020-08-30,175.53008345957892
2020-08-31,73.7354259195127
2020-09-01,44.2405969376681
2020-09-02,74.13347688210541
2020-09-03,74.24729528217762
2020-09-04,73.92737139282119
2020-09-05,73.89383246474785
2020-09-06,87.65127012823724
2020-09-07,174.02708296229278
2020-09-08,153.30810957250918
2020-09-09,132.58267027153886
2020-09-10,153.16119321613823
2020-09-11,14.789927460750762
2020-09-12,90.7789084300666
2020-09-13,153.17912810550928
2020-09-14,652.2844824413245
2020-09-15,153.4761518571163
2020-09-16,233.25917079685883
2020-09-17,247.01254273818307
2020-09-18,71.29986794838516
2020-09-19,309.0798330955847
2020-09-20,143.20010344394254
2020-09-21,89.69553858689174
2020-09-22,90.94761278961154
2020-09-23,153.25502445964784
2020-09-24,160.03888887910688
2020-09-25,77.27523777364011
2020-09-26,348.250733642027
2020-09-27,74.09292113171578
2020-09-28,148.95190745529882
2020-09-29,73.99714672967751
2020-09-30,153.48442167561876
2020-10-01,153.36228880782323
2020-10-02,86.76898147907201
2020-10-03,74.96717461313912
2020-10-04,44.13704697107083
2020-10-05,73.90410925088946
2020-10-06,73.93720396939253
2020-10-07,188.85711623512563
2020-10-08,85.76548853989888
2020-10-09,247.81281673166535
2020-10-10,83.40355265116766
2020-10-11,222.98030621994428
2020-10-12,175.96506490387594
2020-10-13,94.1758676997486
2020-10-14,287.54568258978605
2020-10-15,74.08952401776136
2020-10-16,367.86635838938173
2020-10-17,196.22969335346517
2020-10-18,133.59442122437707
2020-10-19,381.7701079456877
2020-10-20,127.4315273240788
2020-10-21,157.74212621625355
2020-10-22,160.14708223017124
2020-10-23,627.3907876491164
2020-10-24,308.4962158545578
2020-10-25,213.52697172564342
2020-10-26,160.10832676573312
2020-10-27,148.8215234491107
2020-10-28,143.47756624205175
2020-10-29,178.62647973133622
2020-10-30,92.82335970328732
2020-10-31,89.63237775225357
2020-11-01,146.71420453820255
2020-11-02,164.07339180323336
2020-11-03,169.45504136395735
2020-11-04,95.78570865317117
2020-11-05,261.1134048925883
2020-11-06,73.94992006174903
2020-11-07,153.5270569322219
2020-11-08,198.1600576291133
2020-11-09,96.49964817826368
2020-11-10,493.11174558166374
2020-11-11,97.55428285810639
2020-11-12,74.25186212991416
2020-11-13,276.145317921652
2020-11-14,217.21464079887963
2020-11-15,203.16127473255045
2020-11-16,74.03606029255366
2020-11-17,260.96370976499617
2020-11-18,73.95653804886588
2020-11-19,206.10371550089664
2020-11-20,164.62788059431716
2020-11-21,164.99628146274483
2020-11-22,469.2864961362534
2020-11-23,149.29368697805268
2020-11-24,150.4752071692245
2020-11-25,197.23526384793902
2020-11-26,235.01450771329215
2020-11-27,73.97004743284178
2020-11-28,189.7053719128592
2020-11-29,184.32638609067243
2020-11-30,267.4492662438147
2020-12-01,219.25832161826864
2020-12-02,191.39958730809613
2020-12-03,74.050728125643
2020-12-04,205.1772498347625
2020-12-05,219.7182015863266
2020-12-06,90.98074080304026
2020-12-07,74.12664813060792
2020-12-08,139.6192716569911
2020-12-09,233.57737738223014
2020-12-10,191.54413935286897
2020-12-11,192.0045735270656
2020-12-12,187.24347486859318
2020-12-13,516.4471164487786
2020-12-14,338.7736204979258
2020-12-15,193.70925078881558
2020-12-16,393.29776761284813
2020-12-17,393.3480259724267
2020-12-18,333.57399409993724
2020-12-19,39.44542729166689
2020-12-20,305.6582262481609
2020-12-21,403.89345324310926
2020-12-22,236.68242310745129
2020-12-23,331.6427209879118
2020-12-24,265.37770609140205
2020-12-25,392.6874850983288
2020-12-26,483.6340048787674
2020-12-27,461.1660374279428
2020-12-28,234.7336169500745
2020-12-29,291.3274542056162
2020-12-30,346.5786974913596
2020-12-31,76.18190654059912
2021-01-01,202.01955313514662
2021-01-02,59.11900132894142
2021-01-03,290.98170400181715
2021-01-04,235.0299885188104
2021-01-05,358.9810703220795
2021-01-06,154.97889902734116
2021-01-07,91.402149585375
2021-01-08,169.681313956935
2021-01-09,206.75417566528714
2021-01-10,277.83099743422537
2021-01-11,111.40316504391208
2021-01-12,256.41064879305014
2021-01-13,447.80800552385426
2021-01-14,50.50148300568466
2021-01-15,74.26392175083771
2021-01-16,50.38991089556227
2021-01-17,229.24958621432123
2021-01-18,111.36284790342857
2021-01-19,212.2354617943211
2021-01-20,74.05003371862368
2021-01-21,195.63645910509675
2021-01-22,44.07913264502112
2021-01-23,203.29939240710615
2021-01-24,516.2825340296821
2021-01-25,516.5777389781289
2021-01-26,162.41053840575017
2021-01-27,258.8396614309876
2021-01-28,673.7282583706142
2021-01-29,140.28056161221252
2021-01-30,257.83145617415926
2021-01-31,323.99884395480876
2021-02-01,171.13627512523104
2021-02-02,2720.037619611339
2021-02-03,392.85716674366085
2021-02-04,93.58978822263352
2021-02-05,388.3277420542877
2021-02-06,516.6481119948947
2021-02-07,39.25037111692286
2021-02-08,278.0739178911201
2021-02-09,173.78359421008983
2021-02-10,243.25627155350105
2021-02-11,242.9162797111105
2021-02-12,988.7743412668218
2021-02-13,284.6615506959434
2021-02-14,314.7654767270792
2021-02-15,217.24906853106762
2021-02-16,356.11623325290276
2021-02-17,267.5453196772361
2021-02-18,229.49266556098394
2021-02-19,284.27513084382787
2021-02-20,178.8497278109893
2021-02-21,149.93721290068223
2021-02-22,162.45412936816956
2021-02-23,221.0047681535639
2021-02-24,130.10821543742915
2021-02-25,205.16158143461712
2021-02-26,475.91183094611614
2021-02-27,142.97909223026272
2021-02-28,375.29033455331756
2021-03-01,355.7808994619818
2021-03-02,285.1317376836789
2021-03-03,124.52060090110858
2021-03-04,183.3629902395704
2021-03-05,107.32705944785474
2021-03-06,74.09680963255715
2021-03-07,150.73152743742057
2021-03-08,73.98388464606816
2021-03-09,170.94148770876615
2021-03-10,324.43253439502934
2021-03-11,193.13057266650614
2021-03-12,33.58597471401935
2021-03-13,106.18689086880211
2021-03-14,203.15236651286102
2021-03-15,145.54367038043722
2021-03-16,145.79364826838318
2021-03-17,55.04551404501919
2021-03-18,143.2937799831504
2021-03-19,73.90140717789419
2021-03-20,143.7962151508271
2021-03-21,131.24180117191605
2021-03-22,180.38069014221193
2021-03-23,104.4524466146829
2021-03-24,314.5518776967729
2021-03-25,176.72486609164628
2021-03-26,130.66021159064584
2021-03-27,310.4166745293101
2021-03-28,91.8099802184287
2021-03-29,595.5151979464077
2021-03-30,192.14788712513536
2021-03-31,242.13929525753704
2021-04-01,16.383048369456933
2021-04-02,44.25817303399316
2021-04-03,117.95541375491472
2021-04-04,310.3289160499851
2021-04-05,143.57196921888251
2021-04-06,16.50552918782038
2021-04-07,105.24409575292177
2021-04-08,143.71547036716046
2021-04-09,220.05289525493947
2021-04-10,73.97945629953342
2021-04-11,212.81220895821608
2021-04-12,235.83172269591017
2021-04-13,149.11264846410808
2021-04-14,73.83815234736498
2021-04-15,144.15075859171662
2021-04-16,157.56764689019894
2021-04-17,20.230577205436436
2021-04-18,325.147916707918
2021-04-19,239.10097952458844
2021-04-20,67.77688072947323
2021-04-21,75.22900641803622
2021-04-22,259.5100876680941
2021-04-23,280.27079623900073
2021-04-24,147.5177392207846
2021-04-25,277.1200423836127
2021-04-26,37.98437682027841
2021-04-27,153.50842825726744
2021-04-28,60.480423197665274
2021-04-29,102.30809161818257
2021-04-30,139.34783369459535
2021-05-01,460.15871509841156
2021-05-02,280.2832180801137
2021-05-03,207.08352298144513
2021-05-04,314.6746055554168
2021-05-05,153.56009116304887
2021-05-06,76.50053639863461
2021-05-07,258.9977661468262
2021-05-08,539.8168220118456
2021-05-09,434.15069841054526
2021-05-10,175.6007082726426
2021-05-11,109.18826550758114
2021-05-12,73.93331147909312
2021-05-13,83.95568174202803
2021-05-14,153.5617743442264
2021-05-15,74.10708284392312
2021-05-16,153.2415882388928
2021-05-17,73.95119412937852
2021-05-18,429.1007291243144
2021-05-19,153.31781761160428
2021-05-20,463.5161739159789
2021-05-21,171.03978687013696
2021-05-22,74.11144535903718
2021-05-23,73.93404325954872
2021-05-24,629.2170044545452
2021-05-25,183.62304255860548
2021-05-26,175.0124705915995
2021-05-27,153.4915151706666
2021-05-28,72.46275488004287
2021-05-29,87.6015075260708
2021-05-30,74.04655047684449
2021-05-31,139.19200788877438
2021-06-01,115.93284278723613
2021-06-02,73.96920970157512
2021-06-03,73.84181339790229
2021-06-04,143.65365988288102
2021-06-05,277.2918862912259
2021-06-06,405.3808450706272
2021-06-07,335.6207071981079
2021-06-08,280.96136341177015
2021-06-09,153.31616828148626
2021-06-10,519.6859200756198
2021-06-11,132.62252493300053
2021-06-12,73.87736891887914
2021-06-13,73.8815964162901
2021-06-14,73.93369433821093
2021-06-15,76.69377947143049
2021-06-16,314.8465020639154
2021-06-17,73.8727585766349
2021-06-18,73.99773173199519
2021-06-19,153.53285349476542
2021-06-20,259.1348354994132
2021-06-21,143.5912847261704
2021-06-22,73.87833170059542
2021-06-23,43.95792753073315
2021-06-24,283.26978465235953
2021-06-25,143.39572770042582
2021-06-26,143.44879433498994
2021-06-27,73.90697476443522
2021-06-28,72.150119935115
2021-06-29,73.05335136280732
2021-06-30,47.85603632879324
2021-07-01,73.93125141680423
2021-07-02,73.92142233005279
2021-07-03,74.1208238901836
2021-07-04,153.2183155593879
2021-07-05,276.1912671600135
2021-07-06,153.20608375818472
2021-07-07,74.12101737868949
2021-07-08,135.189816268611
2021-07-09,35.51856196985038
2021-07-10,74.00709088210269
2021-07-11,73.99315809404693
2021-07-12,74.00896844714465
2021-07-13,73.86813546457519
2021-07-14,74.04567006353946
2021-07-15,36.76160770370707
2021-07-16,111.4672209862203
2021-07-17,73.87848943610463
2021-07-18,137.1131883756364
2021-07-19,137.31107701152183
2021-07-20,127.16087698351797
2021-07-21,136.7264983653115
2021-07-22,73.86060491163778
2021-07-23,74.20577042100412
2021-07-24,73.81582427442915
2021-07-25,73.92116587598258
2021-07-26,39.331469104575284
2021-07-27,50.95885711212976
2021-07-28,76.71751128976837
2021-07-29,176.07479480348084
2021-07-30,74.16747700529059
2021-07-31,73.90793577757557
2021-08-01,73.84738562588014
2021-08-02,280.894177108246
2021-08-03,74.01486084372205
2021-08-04,73.83454246470951
2021-08-05,73.97404461792173
2021-08-06,76.81366773467568
2021-08-07,143.49296731024143
2021-08-08,161.81815192782668
2021-08-09,316.1970438200589
2021-08-10,263.40961202477155
2021-08-11,76.55376513643026
2021-08-12,153.2298592045052
2021-08-13,73.8912985461082
2021-08-14,73.93297498441017
2021-08-15,182.32699229626513
2021-08-16,153.3611588502484
2021-08-17,314.2004751774621
2021-08-18,143.20834780512405
2021-08-19,200.58052051201912
2021-08-20,300.7881730538825
2021-08-21,143.5010414623998
2021-08-22,74.10680237780188
2021-08-23,153.60108643549046
2021-08-24,153.3344557196903
2021-08-25,73.94934067318519
2021-08-26,73.92315160718246
2021-08-27,76.76462087259947
2021-08-28,73.94886708066794
2021-08-29,74.14980883837852
2021-08-30,153.36362321918648
2021-08-31,143.67523660882688
2021-09-01,153.3575918075161
2021-09-02,73.90725058203648
2021-09-03,76.61530108818246
2021-09-04,76.905433611041
2021-09-05,74.06572635151495
2021-09-06,111.35673797775034
2021-09-07,111.40094460810155
2021-09-08,74.050728125643
2021-09-09,74.08191999189678
2021-09-10,74.16716160371932
2021-09-11,266.81744451529147
2021-09-12,209.22705612258645
2021-09-13,76.6297530445952
2021-09-14,76.66978421591399
2021-09-15,468.65325066999594
2021-09-16,74.12807750694265
2021-09-17,281.0732328148374
2021-09-18,76.89084495573285
2021-09-19,213.47235281507415
2021-09-20,74.2391080023911
2021-09-21,76.98623877069512
2021-09-22,74.09643378230935
2021-09-23,132.69742147656987
2021-09-24,74.06125531552948
2021-09-25,76.87756326175128
2021-09-26,74.08678444062761
2021-09-27,74.14812417959024
2021-09-28,73.97762603539894
2021-09-29,74.16542190669686
2021-09-30,143.05657372134536
2021-10-01,132.7265605124258
2021-10-02,76.52287441247722
2021-10-03,74.12198866766414
2021-10-04,76.83181192106616
2021-10-05,153.52401490485562
2021-10-06,153.3778934734963
2021-10-07,73.88913842426928
2021-10-08,51.038413561296316
2021-10-09,73.94716553761093
2021-10-10,172.9035558687475
2021-10-11,187.4100466235549
2021-10-12,74.09551035792306
2021-10-13,74.27321956087853
2021-10-14,74.17732641900871
2021-10-15,201.9820618054473
2021-10-16,124.5869627657905
2021-10-17,124.74937441166607
2021-10-18,74.15715712136105
2021-10-19,81.58473174376606
2021-10-20,181.3761260168403
2021-10-21,76.68218460437966
2021-10-22,205.88454097912359
2021-10-23,325.3690631667404
2021-10-24,120.81419960744257
2021-10-25,191.63176933385344
2021-10-26,154.80790749642833
2021-10-27,32.75104353089522
2021-10-28,165.8981242431075
2021-10-29,227.99637559115027
2021-10-30,150.15744811788133
2021-10-31,87.24206815634803
2021-11-01,87.28685872647348
2021-11-02,159.04440963583824
2021-11-03,76.58574649361219
2021-11-04,143.55819215061175
2021-11-05,143.4848430151419
2021-11-06,158.20762008906505
2021-11-07,158.16013097443195
2021-11-08,152.81226442685954
2021-11-09,128.02452021144703
2021-11-10,10.053323938331287
2021-11-11,150.6823932146483
2021-11-12,444.61068503021386
2021-11-13,143.34635913125572
2021-11-14,463.2772497547423
2021-11-15,212.88089012138124
2021-11-16,160.96041913350405
2021-11-17,39.530163643201824
2021-11-18,445.1905317236115
2021-11-19,192.39828726137588
2021-11-20,271.7024729379519
2021-11-21,309.3297390898437
2021-11-22,126.6270754474009
2021-11-23,143.95328247016937
2021-11-24,151.31828022531835
2021-11-25,201.9227820788158
2021-11-26,74.13410667765301
2021-11-27,226.95834977804972
2021-11-28,286.22425577587353
2021-11-29,70.86842075046674
2021-11-30,237.85412962676668
2021-12-01,36.714006040612226
2021-12-02,162.33169597500293
2021-12-03,142.48698004194654
2021-12-04,317.2119501749766
2021-12-05,62.846058194503506
2021-12-06,361.0338357553271
2021-12-07,238.56059827845743
2021-12-08,109.97886661801907
2021-12-09,142.4676250388819
2021-12-10,148.59454239326197
2021-12-11,110.0425812772773
2021-12-12,202.3731786776914
2021-12-13,252.41556735190423
2021-12-14,2219.311967664432
2021-12-15,109.535715544909
2021-12-16,167.08518873257228
2021-12-17,144.05759325587098
2021-12-18,127.82917125992344
2021-12-19,511.343759779799
2021-12-20,422.52020052113903
2021-12-21,321.1741533300856
2021-12-22,896.3939252206857
2021-12-23,1827.9906141431284
2021-12-24,638.0910306641368
2021-12-25,820.7032372975992
2021-12-26,3468.64848955152
2021-12-27,486.21422731740023
2021-12-28,412.91856518507046
2021-12-29,94.04692313454323
2021-12-30,673.9322815407244
2021-12-31,278.80788373595897
2022-01-01,58.82405927120283
2022-01-02,59.03821567351735
2022-01-03,2465.8555261882493
2022-01-04,673.9571244596779
2022-01-05,240.3031378420817
2022-01-06,200.18444559576
2022-01-07,928.4749037616941
2022-01-08,142.43491821368224
2022-01-09,210.69107008129112
2022-01-10,672.7623969339869
2022-01-11,243.60866630825305
2022-01-12,345.14446307642663
2022-01-13,51.63980196132157
2022-01-14,251.56880460654256
2022-01-15,224.66419085020001
2022-01-16,73.99010429535151
2022-01-17,74.04455943611744
2022-01-18,577.4510120506358
2022-01-19,142.90588756124401
2022-01-20,178.7441182756531
2022-01-21,265.3725828383371
2022-01-22,76.60465114229041
2022-01-23,166.53669815861264
2022-01-24,39.615187357392145
2022-01-25,205.03910721852208
2022-01-26,92.05378409892025
2022-01-27,226.5574286815471
2022-01-28,260.83251871165425
2022-01-29,149.34485043736007
2022-01-30,148.43439544037412
2022-01-31,359.3949068012774
2022-02-01,261.74336254921394
2022-02-02,185.5667526444282
2022-02-03,271.8642734898436
2022-02-04,663.5605804932723
2022-02-05,510.31042177371376
2022-02-06,200.3097104729908
2022-02-07,74.14686835005325
2022-02-08,74.16322838735354
2022-02-09,258.5150938134851
2022-02-10,258.09700883957134
2022-02-11,117.8343415303474
2022-02-12,189.74335849350197
2022-02-13,74.07234865790532
2022-02-14,807.0804177780243
2022-02-15,334.04760407057114
2022-02-16,402.5802409236
2022-02-17,802.9582306137842
2022-02-18,511.08067030265187
2022-02-19,269.96100004856675
2022-02-20,510.3555326153475
2022-02-21,115.00502060221531
2022-02-22,108.71156360118272
2022-02-23,104.43406002181189
2022-02-24,422.15162440011744
2022-02-25,130.39008731373787
2022-02-26,130.00408911683994
2022-02-27,121.87216209701995
2022-02-28,122.17274397590798
2022-03-01,122.83083240469189
2022-03-02,516.6928679872868
2022-03-03,500.96248058054744
2022-03-04,375.79057970726103
2022-03-05,219.37407409989513
2022-03-06,144.95404261038837
2022-03-07,295.5158821229749
2022-03-08,175.75063343411105
2022-03-09,159.52412254888395
2022-03-10,672.6995119069085
2022-03-11,673.9051956624946
2022-03-12,139.44506628712998
2022-03-13,277.2997705770682
2022-03-14,459.90506372205084
2022-03-15,155.1180873592532
2022-03-16,187.9907142506809
2022-03-17,74.02601614991956
2022-03-18,39.17127693303213
2022-03-19,162.31858591571523
2022-03-20,146.49492687339534
2022-03-21,61.591186879582224
2022-03-22,87.96320071133599
2022-03-23,80.34773983187708
2022-03-24,199.06541909432426
2022-03-25,75.02310191242672
2022-03-26,111.81955942066112
2022-03-27,151.3179824371072
2022-03-28,676.3040459944524
2022-03-29,125.84092787744669
2022-03-30,143.40271853670077
2022-03-31,160.16717398591004
2022-04-01,189.8990484818468
2022-04-02,89.1091866929847
2022-04-03,259.48732712786574
2022-04-04,273.87820291362937
2022-04-05,82.06852339285224
2022-04-06,137.52520500963797
2022-04-07,74.16520835726242
2022-04-08,30.535836132221913
2022-04-09,221.48397029696625
2022-04-10,263.61292659902966
2022-04-11,156.48302452966158
2022-04-12,474.99621973731126
2022-04-13,139.32628445892917
2022-04-14,239.15898758344767
2022-04-15,260.503068672159
2022-04-16,263.2271068214458
2022-04-17,152.11304531685303
2022-04-18,259.1384990136213
2022-04-19,204.79710817211395
2022-04-20,261.093337251466
2022-04-21,314.8361834866793
2022-04-22,314.55210016966265
2022-04-23,57.062508087924755
2022-04-24,61.78295116927567
2022-04-25,73.85759361142726
2022-04-26,259.5819550378835
2022-04-27,162.47934251113895
2022-04-28,74.19020226430699
2022-04-29,73.8617653722292
2022-04-30,10.136449154548695
2022-05-01,512.2663355754333
2022-05-02,149.86092121145535
2022-05-03,77.74805826047151
2022-05-04,220.5484945783557
2022-05-05,259.4103272330304
2022-05-06,259.569154816906
2022-05-07,311.1350840091027
2022-05-08,260.91809709526166
2022-05-09,259.3504458272848
2022-05-10,433.1694113689855
2022-05-11,210.50287816019048
2022-05-12,259.6271205327465
2022-05-13,222.84066088715272
2022-05-14,73.91234736628026
2022-05-15,44.64963226082685
2022-05-16,74.11106132047918
2022-05-17,259.5291347897098
2022-05-18,212.787396746933
2022-05-19,672.7480791630286
2022-05-20,375.96739244020296
2022-05-21,73.9783113792165
2022-05-22,93.06618938035311
2022-05-23,83.43338626890099
2022-05-24,252.55376517365576
2022-05-25,561.5121776072601
2022-05-26,73.92990978898786
2022-05-27,280.02120004835217
2022-05-28,71.64383991781752
2022-05-29,175.29864138153533
2022-05-30,259.6819481564341
2022-05-31,248.6044614053469
2022-06-01,132.39805656197774
2022-06-02,258.7550198041413
2022-06-03,172.71125061008667
2022-06-04,259.736431732708
2022-06-05,229.20016772870312
2022-06-06,74.10675728752125
2022-06-07,325.8240110198046
2022-06-08,143.51530887271622
2022-06-09,39.33589447433559
2022-06-10,76.5187408951078
2022-06-11,334.55272992489495
2022-06-12,259.4566924302611
2022-06-13,314.576786474621
2022-06-14,259.75857301202484
2022-06-15,444.27004510450354
2022-06-16,227.98492497414452
2022-06-17,259.5645622807468
2022-06-18,493.9469120621995
2022-06-19,254.07003233094062
2022-06-20,239.03552072699347
2022-06-21,74.11129769450757
2022-06-22,32.98680773998432
2022-06-23,259.614905963666
2022-06-24,259.44362940624137
2022-06-25,259.6756315383655
2022-06-26,74.01924576050163
2022-06-27,76.6996535521649
2022-06-28,157.79564356012153
2022-06-29,223.87926084853729
2022-06-30,109.91811549103036
2022-07-01,132.6309986743136
2022-07-02,161.30365892530898
2022-07-03,143.74568244749707
2022-07-04,276.43348131990007
2022-07-05,259.6319921794912
2022-07-06,39.401255576653114
2022-07-07,179.12284727223363
2022-07-08,76.43596372161264
2022-07-09,143.49660650050038
2022-07-10,74.18456910328021
2022-07-11,74.1004934181955
2022-07-12,73.96013710473368
2022-07-13,74.17601321813662
2022-07-14,73.98190891325886
2022-07-15,74.17849686152236
2022-07-16,73.75388365634248
2022-07-17,259.27421141417545
2022-07-18,74.18170579794669
2022-07-19,39.32255701115695
2022-07-20,74.15339094197321
2022-07-21,64.97496914504849
2022-07-22,76.5790808094984
2022-07-23,74.17074764328568
2022-07-24,143.62475982665487
2022-07-25,221.34705965075344
2022-07-26,214.58992093493518
2022-07-27,172.74258317569735
2022-07-28,35.46795001710901
2022-07-29,73.8840207468638
2022-07-30,74.02138031532688
2022-07-31,73.95460366749646
2022-08-01,152.62031261539235
2022-08-02,118.30095889701057
2022-08-03,119.03733037454778
2022-08-04,74.19357125811186
2022-08-05,99.6701058570435
2022-08-06,74.09049831093972
2022-08-07,74.11596225818109
2022-08-08,73.86108342862377
2022-08-09,74.0446360065764
2022-08-10,143.6647294020006
2022-08-11,74.13593206131326
2022-08-12,119.34874498592735
2022-08-13,118.96303008601393
2022-08-14,73.85478891094675
2022-08-15,73.89435787139678
2022-08-16,74.15370455339611
2022-08-17,73.89220109033528
2022-08-18,74.1218300942223
2022-08-19,35.3923097447056
2022-08-20,54.066471606319
2022-08-21,74.24516922737475
2022-08-22,3.952860614460361
2022-08-23,228.71285344591956
2022-08-24,140.0299672652206
2022-08-25,59.07149857661134
2022-08-26,76.54224551885513
2022-08-27,258.5688072061837
2022-08-28,73.8335483605903
2022-08-29,76.49640177289592
2022-08-30,35.350098792283596
2022-08-31,76.76829133792644
2022-09-01,120.1159082070583
2022-09-02,54.54611867331294
2022-09-03,44.047162733293085
2022-09-04,39.3249760979593
2022-09-05,74.11482964207454
2022-09-06,116.97923340566776
2022-09-07,73.95598032381262
2022-09-08,116.70593203394057
2022-09-09,83.28009964257333
2022-09-10,74.07422207787972
2022-09-11,74.04939295912266
2022-09-12,73.97442385268734
2022-09-13,74.27999761107975
2022-09-14,73.92928152036849
2022-09-15,68.44225497789014
2022-09-16,76.80836669249005
2022-09-17,214.21941333840448
2022-09-18,310.0600110627746
2022-09-19,444.41867287917205
2022-09-20,215.75846907545096
2022-09-21,61.40459678294624
2022-09-22,143.53304093695027
2022-09-23,74.15397836822682
2022-09-24,74.14630719394282
2022-09-25,73.92589647822537
2022-09-26,46.93198880806948
2022-09-27,74.02777540016929
2022-09-28,76.81313579533813
2022-09-29,97.16745432050365
2022-09-30,76.66666463771767
2022-10-01,73.9282469305492
2022-10-02,74.08084089424915
2022-10-03,76.75128353265424
2022-10-04,95.37758795209334
2022-10-05,143.75400674569602
2022-10-06,74.01163297473683
2022-10-07,24.79298223579416
2022-10-08,168.46227730673172
2022-10-09,132.49035365456575
2022-10-10,73.96946209381713
2022-10-11,76.54037189881741
2022-10-12,73.97457863684647
2022-10-13,76.9456904387916
2022-10-14,83.35419283962435
2022-10-15,57.801184050340446
2022-10-16,74.15346107237875
2022-10-17,74.15220281881828
2022-10-18,74.22778953470723
2022-10-19,115.79369595745
2022-10-20,115.10463918570045
2022-10-21,282.8633758422591
2022-10-22,320.26830964970196
2022-10-23,132.47100828432437
2022-10-24,150.55475260998057
2022-10-25,191.3703507531474
2022-10-26,143.83765217068313
2022-10-27,153.27657740569563
2022-10-28,81.41524271383769
2022-10-29,165.42905298009325
2022-10-30,390.48186214231634
2022-10-31,309.5715355531211
2022-11-01,325.4368640344822
2022-11-02,206.81105158227427
2022-11-03,194.35395200211113
2022-11-04,295.7927706219286
2022-11-05,163.93270421041444
2022-11-06,211.44551502274157
2022-11-07,770.1608081177221
2022-11-08,148.5429026521925
2022-11-09,107.55213621637454
2022-11-10,102.50530828435897
2022-11-11,172.15086783422146
2022-11-12,262.05654244923716
2022-11-13,197.86523700742111
2022-11-14,130.7443573679276
2022-11-15,240.30957241600672
2022-11-16,389.0452844627195
2022-11-17,180.85483319987642
2022-11-18,126.34643593820618
2022-11-19,125.92096990517042
2022-11-20,273.4130275363966
2022-11-21,221.20326860108037
2022-11-22,258.45487248502235
2022-11-23,149.03932043493316
2022-11-24,323.5278284571923
2022-11-25,128.54301971247025
2022-11-26,156.9119686224367
2022-11-27,185.8516922785214
2022-11-28,210.4573410488555
2022-11-29,165.36415828183007
2022-11-30,479.02660251220703
2022-12-01,170.83042605933582
2022-12-02,48.45625426343193
2022-12-03,57.25793354392472
2022-12-04,129.96363953669476
2022-12-05,310.39667279599024
2022-12-06,310.15799486069
2022-12-07,328.9567566325304
2022-12-08,240.57044982368683
2022-12-09,47.821924511422935
2022-12-10,108.92013620320998
2022-12-11,719.4322372198014
2022-12-12,285.8763297516557
2022-12-13,269.0879130011889
2022-12-14,198.32214399998333
2022-12-15,210.6704872724755
2022-12-16,489.2177366699349
2022-12-17,383.8369489961597
2022-12-18,650.8574204019646
2022-12-19,717.5046311303022
2022-12-20,219.38763494371466
2022-12-21,638.2702859876074
2022-12-22,423.17031009423374
2022-12-23,156.09909250986922
2022-12-25,74.10563036537818
2022-12-26,425.24520983942614
2022-12-28,745.2192758511509
2022-12-29,297.48646712772
2022-12-30,321.0265669757179
2022-12-31,138.37657419449278
2023-01-01,177.7442317193869
2023-01-02,136.96105313871658
2023-01-03,49.45590822345514
2023-01-04,49.47691366401409
2023-01-05,169.7237782163209
2023-01-06,49.76198541803351
2023-01-07,123.23365565087168
2023-01-08,306.7250951338055
2023-01-09,124.58031041420944
2023-01-10,251.06704158953406
2023-01-11,43.21604463647525
2023-01-12,43.39963114205953
2023-01-13,620.3686858355323
2023-01-14,79.72903067517477
2023-01-15,173.73121970845312
2023-01-16,73.94358081207346
2023-01-17,60.40593690849892
2023-01-18,43.28102032598255
2023-01-19,224.3874952901197
2023-01-20,356.75311192230623
2023-01-21,95.83136503833532
2023-01-22,223.87715069766526
2023-01-23,224.11521141157257
2023-01-24,224.55028688766737
2023-01-25,280.857054655823
2023-01-26,185.6364502067739
2023-01-27,332.4327427501239
2023-01-28,107.75295886289798
2023-01-29,106.65940572872967
2023-01-30,660.1048718653276
2023-01-31,643.8557222682946
2023-02-01,794.0716088952615
2023-02-02,492.7617295590568
2023-02-03,28.281207080680318
2023-02-04,279.7917928744102
2023-02-05,79.56133882115786
2023-02-06,52.34396511073046
2023-02-07,106.87682937170291
2023-02-08,147.2938391542007
2023-02-09,153.7739684675545
2023-02-10,74.19458411435498
2023-02-11,28.045826712786628
2023-02-12,76.84672963424393
2023-02-13,195.0019697187834
2023-02-14,118.44826002193311
2023-02-15,109.1236543278404
2023-02-16,109.21212292838983
2023-02-17,236.18984105818967
2023-02-18,462.76720537918817
2023-02-19,883.2700812304785
2023-02-20,687.2197688871684
2023-02-21,495.9164149552283
2023-02-22,423.27882618036233
2023-02-23,543.1489153953568
2023-02-24,147.18398593155428
2023-02-25,207.33557352375217
2023-02-26,175.7128577108829
2023-02-27,57.118495511088184
2023-02-28,663.4716157750239
2023-03-01,104.94228031526737
2023-03-02,108.58916671572037
2023-03-03,173.67478971337428
2023-03-04,518.0293827072526
2023-03-05,518.5352913157673
2023-03-06,393.41695302606183
2023-03-07,729.0507880801725
2023-03-08,106.24111731555779
2023-03-09,104.77873803759975
2023-03-10,104.40737878065967
2023-03-11,215.60561859108623
2023-03-12,106.1332016577111
2023-03-13,109.19862942294056
2023-03-14,372.05503566660275
2023-03-15,291.3255129839072
2023-03-16,141.29785601181064
2023-03-17,194.92131490649774
2023-03-18,158.9674776245605
2023-03-19,52.62916914369239
2023-03-20,143.94817302767527
2023-03-21,183.86559426667372
2023-03-22,36.168591822159314
2023-03-23,162.44760863426413
2023-03-24,216.63220378717224
2023-03-25,269.78089684375976
2023-03-26,395.0717508162289
2023-03-27,272.62462312589724
2023-03-28,265.63236700180636
2023-03-29,182.03464509086504
2023-03-30,252.8217936574367
2023-03-31,76.8104391424883
2023-04-01,512.2631224521962
2023-04-02,420.9417448422205
2023-04-03,220.2773825356759
2023-04-04,188.78104330081234
2023-04-05,74.03874930713991
2023-04-06,180.12069970329392
2023-04-07,210.35188038091616
2023-04-08,39.169522652569654
2023-04-09,181.8079946804869
2023-04-10,58.05696175188553
2023-04-11,210.26669374389965
2023-04-12,34.38323766407015
2023-04-13,76.67286614913135
2023-04-14,107.87695178642417
2023-04-15,121.46902332817022
2023-04-16,214.10715996313382
2023-04-17,42.618572804886114
2023-04-18,121.74940822696313
2023-04-19,150.39076883281797
2023-04-20,314.4814435697931
2023-04-21,391.51154564535005
2023-04-22,259.65395242367157
2023-04-23,279.63129863034305
2023-04-24,78.22705464581084
2023-04-25,211.23083717217156
2023-04-26,76.54079246193882
2023-04-27,148.55476650761432
2023-04-28,93.60514860714174
2023-04-29,74.0205961455993
2023-04-30,74.11833479548815
2023-05-01,111.39140401315689
2023-05-02,73.79964880470665
2023-05-03,73.91406396147623
2023-05-04,143.57452308421873
2023-05-05,73.88586213384062
2023-05-06,172.51957126685292
2023-05-07,295.7090870282123
2023-05-08,259.561278429613
2023-05-09,259.8287784192474
2023-05-10,259.5363343352933
2023-05-11,191.77363648425265
2023-05-12,74.00137599233697
2023-05-13,74.15826420258102
2023-05-14,143.61889992414223
2023-05-15,73.91173106983912
2023-05-16,155.6904844721764
2023-05-17,149.38314616976157
2023-05-18,73.9802095426785
2023-05-19,73.8360391654934
2023-05-20,128.802762349295
2023-05-21,74.08827809789834
2023-05-22,259.42190610571913
2023-05-23,44.20464173335042
2023-05-24,280.0711781619153
2023-05-25,314.6635288709894
2023-05-26,73.9710278774327
2023-05-27,230.2029469059329
2023-05-28,91.93411677207301
2023-05-29,36.93308452232118
2023-05-30,39.2247165559703
2023-05-31,76.57753140749533
2023-06-01,408.0352834120505
2023-06-02,91.8111695157082
2023-06-03,36.612973266964076
2023-06-04,76.75895012967243
2023-06-05,107.6875956038676
2023-06-06,153.47726056296358
2023-06-07,35.299278427660404
2023-06-08,73.8535859769041
2023-06-09,59.773489853665815
2023-06-10,105.97306704103501
2023-06-11,143.62756720426964
2023-06-12,143.5195713137376
2023-06-13,76.6343045442276
2023-06-14,259.08741661382817
2023-06-15,258.76210354974546
2023-06-16,143.45603069577282
2023-06-17,93.84062670022979
2023-06-18,258.7918072602493
2023-06-19,658.0274885269082
2023-06-20,258.7733299846099
2023-06-21,44.13655066842932
2023-06-22,91.90902292567284
2023-06-23,74.08839875927147
2023-06-24,74.0156357859173
2023-06-25,73.98816760359466
2023-06-26,76.43152361762262
2023-06-27,92.10743718368805
2023-06-28,45.021871651529985
2023-06-29,35.494939512686464
2023-06-30,156.46014928266933
2023-07-01,35.451427697260605
2023-07-02,143.64168795468942
2023-07-03,143.58851436095784
2023-07-04,76.48172128935396
2023-07-05,76.66422897735315
2023-07-06,188.70735506796214
2023-07-07,132.62425899862427
2023-07-08,74.05615926078333
2023-07-09,73.84701738035102
2023-07-10,35.27979208548716
2023-07-11,216.92032825731727
2023-07-12,97.31179436717713
2023-07-13,198.21089187832746
2023-07-14,143.7327995335997
2023-07-15,39.396385350852306
2023-07-16,73.91478000867203
2023-07-17,73.9980640872558
2023-07-18,74.06927681697373
2023-07-23,73.88742120085232
2023-07-24,43.957207443859396
2023-07-25,124.75857169788767
2023-07-26,73.92353348577713
2023-07-27,73.88054152251593
2023-07-28,211.53859964256364
2023-07-29,105.45466202760964
2023-07-30,73.8964758347235
2023-07-31,74.01594111926983
2023-08-01,73.92604800433752
2023-08-02,76.7990454403402
2023-08-03,74.11070437288784
2023-08-04,123.83137148300071
2023-08-05,73.9261973609832
2023-08-06,74.09153986751394
2023-08-07,34.077179475208766
2023-08-08,109.38457469892815
2023-08-09,213.5030618414654
2023-08-10,94.46317878430736
2023-08-11,73.96204041188192
2023-08-12,109.45348498102031
2023-08-13,76.61773404577738
2023-08-14,74.14269921130416
2023-08-15,74.3609997660567
2023-08-16,35.28961098297379
2023-08-17,35.364322193128984
2023-08-18,105.76073463014828
2023-08-19,105.47293908860887
2023-08-20,73.9809423459035
2023-08-21,74.08249947383139
2023-08-22,388.1373708631653
2023-08-23,76.50158591046497
2023-08-24,284.60680453873437
2023-08-25,167.30981577425246
2023-08-26,73.88947396579594
2023-08-27,74.15587578752812
2023-08-28,73.8441963792934
2023-08-29,40.92304479949103
2023-08-30,277.2356074564177
2023-08-31,170.83139526071614
2023-09-01,140.895809080643
2023-09-02,35.48432110138796
2023-09-03,74.1075854088519
2023-09-04,402.15391699833333
2023-09-05,397.84352639493784
2023-09-06,76.63496548032991
2023-09-07,74.15227221255346
2023-09-08,126.67224116491168
2023-09-09,39.543147356356485
2023-09-10,74.04225498699115
2023-09-11,74.08210919586692
2023-09-12,44.12710399242587
2023-09-13,281.1502824908407
2023-09-14,246.12622306880627
2023-09-15,73.99088305197967
2023-09-16,73.9760096658338
2023-09-17,74.21366573956176
2023-09-18,134.66577447989323
2023-09-19,76.72775290698513
2023-09-20,374.79537460049323
2023-09-21,105.17988198580183
2023-09-22,73.94295106254505
2023-09-23,74.07369246398548
2023-09-24,142.5097052982259
2023-09-25,124.03841267258235
2023-09-26,11.825749909832412
2023-09-27,74.09497039557975
2023-09-28,53.767334868200514
2023-09-29,76.4820977663469
2023-10-01,769.5420587548437
2023-10-02,143.58246653241116
2023-10-03,76.58158414638267
2023-10-04,76.84332807023402
2023-10-05,198.91623848626597
2023-10-06,23.384769305148627
2023-10-07,45.9894157926413
2023-10-08,76.66857951511267
2023-10-09,74.26242002704058
2023-10-10,74.1721233700229
2023-10-11,452.122346607573
2023-10-12,142.04685807282422
2023-10-13,193.41120802691967
2023-10-14,74.2436845141964
2023-10-15,280.1655399481712
2023-10-16,280.28459850374344
2023-10-17,190.77018418275995
2023-10-18,169.00050643674925
2023-10-19,39.224095421326076
2023-10-20,76.66270731214979
2023-10-21,88.57819213239154
2023-10-22,251.5226889500853
2023-10-23,258.83503456686276
2023-10-24,328.1388780204389
2023-10-25,212.8718043228894
2023-10-26,318.1351597483749
2023-10-27,174.6420001563085
2023-10-28,141.3347272652191
2023-10-29,175.12850080745918
2023-10-30,223.25106944370094
2023-10-31,163.34900392644772
2023-11-01,174.25702414598362
2023-11-02,236.32334235024538
2023-11-03,52.82366583942802
2023-11-04,258.3524920950972
2023-11-05,159.05861452710167
2023-11-06,76.81919553607518
2023-11-07,175.6265138741426
2023-11-08,39.13605118303799
2023-11-09,73.97210108383139
2023-11-10,137.96126283791335
2023-11-11,23.35203622180012
2023-11-12,207.1649909576838
2023-11-13,184.8690538197503
2023-11-14,151.81153292311126
2023-11-15,76.69210881066637
2023-11-16,85.74844242177176
2023-11-17,172.8344597456474
2023-11-18,91.40259923838074
2023-11-19,174.24244432293457
2023-11-20,74.08473726059202
2023-11-21,399.38908644293014
2023-11-22,155.66333667464949
2023-11-23,212.0754520916519
2023-11-24,39.56471556803194
2023-11-25,212.64499894327014
2023-11-26,346.58879164364487
2023-11-27,314.62157906952865
2023-11-28,177.01586490836098
2023-11-29,190.74172052033967
2023-11-30,232.7590882256519
2023-12-01,396.6439948861825
2023-12-02,152.3299019136279
2023-12-03,342.7942403279209
2023-12-04,221.02136517140454
2023-12-05,419.9690428208832
2023-12-06,170.0035684426933
2023-12-07,136.26952548839316
2023-12-08,211.8159123869565
2023-12-09,174.79547362496598
2023-12-10,222.11567060706622
2023-12-11,280.75603689702297
2023-12-12,91.96038606988802
2023-12-13,91.79805238807052
2023-12-14,215.73129602889264
2023-12-15,74.21985342937988
2023-12-16,296.3270108010283
2023-12-17,74.08134074793497
2023-12-18,131.26838673792136
2023-12-19,516.6725035666174
2023-12-20,168.27699868249218
2023-12-21,228.36245687963077
2023-12-22,277.4813937698883
2023-12-23,287.1366595231616
2023-12-24,136.8355130500338
2023-12-25,240.5778608029908
2023-12-26,153.1330479667543
2023-12-27,149.50984595454702
2023-12-28,258.99956095175025
2023-12-29,198.13715258720387
2023-12-30,281.24776967921264
2023-12-31,37.29934113462795
2024-01-01,84.27861377746719
2024-01-02,198.11266666588352
2024-01-03,253.61199713637606
2024-01-04,43.374313798970704
2024-01-05,319.69572387385927
2024-01-06,476.36834084093084
2024-01-07,615.4574770709713
2024-01-08,275.2751168055874
2024-01-09,609.7381608625753
2024-01-10,278.669567339608
2024-01-11,497.63321302211756
2024-01-12,171.72449341948268
2024-01-13,136.2655622324655
2024-01-14,206.12689147193478
2024-01-15,204.98043720049867
2024-01-16,416.6115812968963
2024-01-17,310.7984272279369
2024-01-18,415.6415691709192
2024-01-19,258.70749176815997
2024-01-20,493.72166125010426
2024-01-22,366.431046279489
2024-01-23,330.6958387561109
2024-01-24,74.03595851966594
2024-01-25,259.51295198595597
2024-01-26,77.28564054937655
2024-01-27,344.838556379427
2024-01-28,74.05577576460452
2024-01-29,198.68750992752788
2024-01-30,74.30639394981316
2024-01-31,85.54375854191576
2024-02-01,107.97434804205524
2024-02-02,118.4687425763832
2024-02-03,319.81988001750216
2024-02-05,559.1470644588026
2024-02-06,174.87275347376672
2024-02-07,553.4138246185621
2024-02-08,419.573542434848
2024-02-09,129.09951234303665
2024-02-10,171.82911545847318
2024-02-11,206.51702234638688
2024-02-12,251.81251999314628
2024-02-13,328.1415746955871
2024-02-14,135.57272434224762
2024-02-15,159.8712866409186
2024-02-16,126.98373986701274
2024-02-17,140.77083982304853
2024-02-18,132.01744592420184
2024-02-19,49.600775302341056
2024-02-20,806.8335288963758
2024-02-21,187.78276519343976
2024-02-22,68.50094657286704
2024-02-23,68.77945540245061
2024-02-24,204.8039675332582
2024-02-25,258.84193882000693
2024-02-26,427.1896369484697
2024-02-27,173.34629205754592
2024-02-28,127.54483937148237
2024-02-29,127.8350862036478
2024-03-01,204.4291355302956
2024-03-02,516.514306368505
2024-03-03,2560.6564878746954
2024-03-04,875.1863585646572
2024-03-05,663.4270320474286
2024-03-06,200.1204006209991
2024-03-07,197.9835850378375
2024-03-08,565.9492154503255
2024-03-09,672.4079526582178
2024-03-10,218.23539717646625
2024-03-11,76.44468284724451
2024-03-12,104.30237437723909
2024-03-13,151.7237454427845
2024-03-14,61.570221770314184
2024-03-15,199.50281730084072
2024-03-16,180.8722644087741
2024-03-17,74.09855967092214
2024-03-18,101.38520133417788
2024-03-19,101.69081051951352
2024-03-20,634.2771015448535
2024-03-21,504.734297680089
2024-03-22,362.2736723237822
2024-03-23,483.56608577205424
2024-03-24,222.69135379163168
2024-03-25,362.7364860396856
2024-03-26,240.41387758040074
2024-03-27,73.94913338878328
2024-03-28,118.35181359276
2024-03-29,225.58448583755205
2024-03-30,225.5243806508713
2024-03-31,74.02373705524052
2024-04-01,74.07178039704037
2024-04-02,280.9732055202023
2024-04-03,258.6248488015363
2024-04-04,462.33798601667763
2024-04-05,580.8645978771516
2024-04-06,415.75470619113804
2024-04-07,491.88547181072556
2024-04-08,55.97883507700279
2024-04-09,210.2783627395603
2024-04-10,149.20530721700786
2024-04-11,74.04326392910671
2024-04-12,241.21559047461574
2024-04-13,81.5717185765767
2024-04-14,77.945600981883
2024-04-15,74.21657267620866
2024-04-16,222.09854653454508
2024-04-17,625.0672517032731
2024-04-18,258.805850670126
2024-04-19,260.58732348732065
2024-04-20,134.01058335936037
2024-04-21,143.34976684087283
2024-04-22,76.48752307935506
2024-04-23,143.59767737562638
2024-04-24,143.49723189850027
2024-04-25,253.49969174051463
2024-04-26,277.3905574920026
2024-04-27,516.4402956436576
2024-04-28,56.57904359673139
2024-04-29,253.6352981076511
2024-04-30,703.7876797177722
2024-05-01,672.5533609957633
2024-05-02,89.63935455382799
2024-05-03,176.01706605553096
2024-05-04,202.17585922284982
2024-05-05,464.3916305792094
2024-05-06,43.18531421490929
2024-05-07,672.4406464326554
2024-05-08,260.8152182849292
2024-05-09,199.1982809049657
2024-05-10,132.68351524141363
2024-05-11,120.0963196259135
2024-05-12,253.4441265283214
2024-05-13,284.88339766616724
2024-05-14,242.96724391667522
2024-05-15,599.7338716172184
2024-05-16,258.68320090732533
2024-05-17,462.27303293345796
2024-05-18,377.11632794885537
2024-05-19,574.016930626458
2024-05-20,271.5021172115228
2024-05-21,261.5271562641457
2024-05-22,258.53853093141873
2024-05-23,672.4976921355028
2024-05-24,253.61099076384033
2024-05-25,207.3854921236078
2024-05-26,286.30186470980277
2024-05-27,221.57326039915355
2024-05-28,73.94433667507673
2024-05-29,612.3623574074395
2024-05-30,95.25601857048443
2024-05-31,76.49050620412514
2024-06-01,76.70245385249812
2024-06-02,73.85578072626569
2024-06-03,662.870527443176
2024-06-04,74.055125416727
2024-06-05,76.47929294237983
2024-06-06,76.51935420089221
2024-06-07,186.41097565944295
2024-06-08,76.49939576472691
2024-06-09,286.1012697926118
2024-06-10,181.6284014201689
2024-06-11,39.32417943412007
2024-06-12,143.5868721913312
2024-06-13,74.07625023916957
2024-06-14,73.95309100093525
2024-06-15,241.74091479674547
2024-06-16,310.05874568266904
2024-06-17,277.2313190370938
2024-06-18,124.03241823536985
2024-06-19,170.64868273460272
2024-06-20,170.73374074572592
2024-06-21,39.4557650594782
2024-06-22,74.0032912502347
2024-06-23,39.43964273909919
2024-06-24,74.06570533734359
2024-06-25,354.27026500733615
2024-06-26,141.72554412977908
2024-06-27,148.70837278866586
2024-06-28,153.4713098272877
2024-06-29,76.56457677351757
2024-06-30,253.74778024263665
2024-07-01,253.55868032171014
2024-07-02,31.412807804586617
2024-07-03,212.15976048609065
2024-07-04,147.34246877702492
2024-07-05,143.55484558067496
2024-07-06,76.57251327619406
2024-07-07,74.17233414977794
2024-07-08,73.92481926793043
2024-07-09,91.03754348096594
2024-07-10,74.14214193142722
2024-07-11,74.19264677551793
2024-07-12,76.78212334552667
2024-07-13,76.43184670479181
2024-07-14,74.14575600528775
2024-07-15,73.85477377015046
2024-07-16,73.92791655628304
2024-07-17,73.99318466705242
2024-07-18,39.528405384447666
2024-07-19,74.08989673458242
2024-07-20,73.99445203492303
2024-07-21,74.20694851824229
2024-07-22,73.83485209104911
2024-07-23,74.04572853204934
2024-07-24,73.99548143731512
2024-07-25,120.64410803592682
2024-07-26,152.40212150950887
2024-07-27,74.13323438959095
2024-07-28,74.15212445832222
2024-07-29,76.43717715841962
2024-07-30,143.51318683715525
2024-07-31,64.22490761074621
2024-08-01,74.13838043251914
2024-08-02,73.96251928252784
2024-08-03,74.2074385650577
2024-08-04,120.06333073284564
2024-08-05,74.16625387231825
2024-08-06,244.35340027228392
2024-08-07,111.28121948413671
2024-08-08,73.94776810159466
2024-08-09,74.1790302800378
2024-08-10,74.14137759406891
2024-08-11,74.09247563226377
2024-08-12,143.30545539195336
2024-08-13,73.95929676342358
2024-08-14,143.30980566263702
2024-08-15,74.11639265561043
2024-08-16,258.70982573081255
2024-08-17,171.14057187676534
2024-08-18,120.20368151406034
2024-08-19,39.16538950271573
2024-08-20,74.12718300065742
2024-08-21,280.8473771630501
2024-08-22,74.04861972424068
2024-08-23,76.70305622909456
2024-08-24,258.95974716276066
2024-08-25,258.76793382597725
2024-08-26,74.1866190317122
2024-08-27,76.60376512139993
2024-08-28,415.4633213858125
2024-08-29,74.05910136612732
2024-08-30,98.27905531414852
2024-08-31,74.00728953367884
2024-09-01,73.96877182667718
2024-09-02,74.0372895783717
2024-09-03,150.3262429474228
2024-09-04,76.88109024531934
2024-09-05,73.9829196404803
2024-09-06,74.18818752745402
2024-09-07,44.20786307425857
2024-09-08,74.24929445603829
2024-09-09,143.50063775723427
2024-09-10,199.9200948336042
2024-09-11,277.26545525014876
2024-09-12,528.9708523630597
2024-09-13,134.6102231166664
2024-09-14,239.0196626885928
2024-09-15,159.78623658555705
2024-09-16,74.30281107993024
2024-09-17,39.27753864132446
2024-09-18,76.7851919012156
2024-09-19,221.72046045386378
2024-09-20,265.3116584795087
2024-09-21,171.04669410971263
2024-09-22,284.6608002510436
2024-09-23,74.16559355764751
2024-09-24,113.54126723160091
2024-09-25,74.19340555161433
2024-09-26,74.1289101806711
2024-09-27,106.61800548222645
2024-09-28,74.22244974245231
2024-09-29,76.67276114207351
2024-09-30,74.36411739029214
2024-10-01,422.6180359675258
2024-10-02,253.430690738909
2024-10-03,74.04456086925104
2024-10-04,74.11897042433064
2024-10-05,253.67339761551918
2024-10-06,277.42322596739376
2024-10-07,31.632829850653977
2024-10-08,74.36294995653348
2024-10-09,163.52641910063537
2024-10-10,74.03678904028072
2024-10-11,93.78928002238975
2024-10-12,143.30789857272504
2024-10-13,143.46530713012288
2024-10-14,253.5670399120914
2024-10-15,73.9392758018129
2024-10-16,242.36571188041864
2024-10-17,93.97550284440062
2024-10-18,155.781615756274
2024-10-19,243.48531087822622
2024-10-20,143.70264610847073
2024-10-21,76.85851735424392
2024-10-22,128.68202787282095
2024-10-23,125.1148224028248
2024-10-24,114.57160523509287
2024-10-25,76.8659718714338
2024-10-26,115.55650121204431
2024-10-27,212.22971934059697
2024-10-28,76.77641511258241
2024-10-29,62.40780721512806
2024-10-30,76.67955576529145
2024-10-31,76.5902678071214
2024-11-01,142.75467859176104
2024-11-02,258.8478216795204
2024-11-03,74.25929493683799
2024-11-04,74.22809501072295
2024-11-05,331.40233116457904
2024-11-06,139.60801501987478
2024-11-07,109.02820829634516
2024-11-08,178.1680446938375
2024-11-09,239.92270077486586
2024-11-10,210.8913096555358
2024-11-11,258.7021115616397
2024-11-12,114.36618814791179
2024-11-13,125.30065123709477
2024-11-14,111.15500381510692
2024-11-15,144.53446083485622
2024-11-16,74.15364668313251
2024-11-17,194.24691290503415
2024-11-18,237.7001171073983
2024-11-19,148.7186513003439
2024-11-20,360.64079782509225
2024-11-21,414.80560584521766
2024-11-22,157.74425888642247
2024-11-23,321.5777626789727
2024-11-24,506.7160230174681
2024-11-25,445.69890472949817
2024-11-26,300.40708273099415
2024-11-27,92.13255349763187
2024-11-28,138.00318561546368
2024-11-29,413.64271579186385
2024-11-30,666.6909471989304
2024-12-01,364.87770881478883
2024-12-02,133.56478503801054
2024-12-03,311.5454471024497
2024-12-04,450.07809787645317
2024-12-05,179.71259721800826
2024-12-06,40.71495607208804
2024-12-07,320.1711080037515
2024-12-08,636.666248811061
2024-12-09,231.68955075173827
2024-12-10,417.4296247838265
2024-12-11,362.38163894619873
2024-12-12,74.17292191017489
2024-12-13,199.95471344230148
2024-12-14,371.1734504302935
2024-12-15,142.84409473654668
2024-12-16,335.17599356756494
2024-12-17,522.0002988064243
2024-12-18,418.19234649802695
2024-12-19,267.57289021950146
2024-12-20,232.0247920778682
2024-12-21,74.04041990916348
2024-12-22,368.70943939908017
2024-12-23,275.583493998934
2024-12-24,346.8429134404598
2024-12-25,99.61196144430058
2024-12-26,437.83118075243954
2024-12-27,95.02354107670716
2024-12-28,229.0043592470281
2024-12-29,74.2326671418474
2024-12-30,1029.620861854142
2024-12-31,916.7380785742698
2025-01-01,673.990134681292
2025-01-02,517.4006798325267
2025-01-03,244.29870743675937
2025-01-04,2720.9899771684154
2025-01-05,440.3499815876879
2025-01-06,40.688459932958324
2025-01-07,151.2264438963129
2025-01-08,113.62726432503422
2025-01-09,182.20815439187274
2025-01-10,117.19228169494212
2025-01-11,527.6549860523668
2025-01-12,200.2673797645042
2025-01-13,74.07245972307787
2025-01-14,221.74216257156752
2025-01-15,49.82744641771286
2025-01-16,202.10197933650045
2025-01-17,275.46758981000846
2025-01-18,292.9692106078327
2025-01-19,214.8407582691852
2025-01-20,329.3943408645599
2025-01-21,199.89423025055493
2025-01-22,107.13688882585532
2025-01-23,339.47508061762795
2025-01-24,314.550955653962
2025-01-25,235.5395404504341
2025-01-26,171.80195650778455
2025-01-27,147.39870933896736
2025-01-28,4.877308635831328
2025-01-29,68.7826426075
2025-01-30,74.01596818736505
2025-01-31,3553.969923875615
2025-02-01,192.78263778477938
2025-02-02,342.86044692791194
2025-02-03,258.61900434137243
2025-02-04,466.25764656389214
2025-02-05,337.4800666237572
2025-02-06,857.4542206598794
2025-02-07,223.40890158988543
2025-02-08,183.25506064826249
2025-02-09,137.79049174224824
2025-02-10,268.50225340029607
2025-02-11,420.3912635774228
2025-02-12,377.11345153188796
2025-02-13,264.5761090873576
2025-02-14,531.589184440308
2025-02-15,373.3369598349884
2025-02-16,301.1451185663988
2025-02-17,663.4114003461963
2025-02-18,662.041071807794
2025-02-19,100.00523127754292
2025-02-20,128.81938968316527
2025-02-21,69.98613954058771
2025-02-22,48.45472687278223
2025-02-23,86.19892901081484
2025-02-24,50.97925661090878
2025-02-25,54.05457067177822
2025-02-26,99.5589888227256
2025-02-27,151.81169868076822
2025-02-28,111.4847016404208
2025-03-01,182.09462045387417
2025-03-02,74.00408677999171
2025-03-03,366.1254670312113
2025-03-04,126.39762634649975
2025-03-05,181.5100479578966
2025-03-06,121.44948617454682
2025-03-07,184.29149232641169
2025-03-08,144.65821779301135
2025-03-09,476.0220924792371
2025-03-10,132.75479867226608
2025-03-11,122.51299048713436
2025-03-12,149.12669692012645
2025-03-13,663.7023158381307
2025-03-14,207.95562293238035
2025-03-15,412.32958947113514
2025-03-16,380.93238395499804
2025-03-17,156.49724652527505
2025-03-18,157.14307955937704
2025-03-19,100.92961505072326
2025-03-20,663.4530458869966
2025-03-21,122.48733402027679
2025-03-22,259.03183902493595
2025-03-23,258.31303286770213
2025-03-24,152.3190843763628
2025-03-25,280.91227316574
2025-03-26,170.62798269361292
2025-03-27,673.9710607683229
2025-03-28,641.8924743547682
2025-03-29,250.98695313485553
2025-03-30,251.19712690563676
2025-03-31,548.9547967379362
2025-04-01,33.31939298390006
